{
  "hash": "3a90cf3a",
  "browserHash": "9a2f8158",
  "optimized": {
    "@angular/common/http": {
      "src": "../../../../../node_modules/@angular/common/fesm2022/http.mjs",
      "file": "@angular_common_http.js",
      "fileHash": "e699a1d7",
      "needsInterop": false
    },
    "@angular/core": {
      "src": "../../../../../node_modules/@angular/core/fesm2022/core.mjs",
      "file": "@angular_core.js",
      "fileHash": "3efad52c",
      "needsInterop": false
    },
    "@angular/forms": {
      "src": "../../../../../node_modules/@angular/forms/fesm2022/forms.mjs",
      "file": "@angular_forms.js",
      "fileHash": "9e95e811",
      "needsInterop": false
    },
    "@angular/platform-browser": {
      "src": "../../../../../node_modules/@angular/platform-browser/fesm2022/platform-browser.mjs",
      "file": "@angular_platform-browser.js",
      "fileHash": "4b8a3644",
      "needsInterop": false
    },
    "@angular/router": {
      "src": "../../../../../node_modules/@angular/router/fesm2022/router.mjs",
      "file": "@angular_router.js",
      "fileHash": "aaaf44df",
      "needsInterop": false
    }
  },
  "chunks": {
    "chunk-Z7SWGLRR": {
      "file": "chunk-Z7SWGLRR.js"
    },
    "chunk-UVKTLVEK": {
      "file": "chunk-UVKTLVEK.js"
    },
    "chunk-SBVQ2AGI": {
      "file": "chunk-SBVQ2AGI.js"
    },
    "chunk-IH2XHIWS": {
      "file": "chunk-IH2XHIWS.js"
    }
  }
}